<?xml version="1.0" encoding="UTF-8" standalone="yes" ?><cp:coreProperties xmlns:cp="http://schemas.openxmlformats.org/package/2006/metadata/core-properties" xmlns:dc="http://purl.org/dc/elements/1.1/" xmlns:dcmitype="http://purl.org/dc/dcmitype/" xmlns:dcterms="http://purl.org/dc/terms/" xmlns:xsi="http://www.w3.org/2001/XMLSchema-instance"><cp:category>Model</cp:category><dcterms:created xsi:type="dcterms:W3CDTF">2018-08-20T01:51:00Z</dcterms:created><dc:creator>hp</dc:creator><cp:lastModifiedBy>hp</cp:lastModifiedBy><dcterms:modified xsi:type="dcterms:W3CDTF">2017-07-28T08:23:26Z</dcterms:modified><cp:revision>1.0</cp:revision><cp:version>R2017b</cp:version></cp:coreProperties>